c_id;date;percent_gdp
AFG;2002;9.44
AFG;2003;8.94
AFG;2004;9.81
AFG;2005;9.95
AFG;2006;10.62
AFG;2007;9.9
AFG;2008;10.26
AFG;2009;9.82
AFG;2010;8.57
AFG;2011;8.56
AFG;2012;7.9
AFG;2013;8.81
AFG;2014;9.53
AFG;2015;10.11
AFG;2016;11.82
AFG;2017;12.62
AFG;2018;14.13
AFG;2019;13.24
ALB;2000;7.23
ALB;2001;7.14
ALB;2002;6.91
ALB;2003;7.06
ALB;2004;6.77
ALB;2005;6.34
ALB;2006;6.01
ALB;2007;6.32
ALB;2008;5.14
ALB;2009;4.6
ALB;2010;4.75
ALB;2011;4.8
ALB;2012;5.06
ALB;2013;5.39
ALB;2014;5.5
ALB;2015;4.9
ALB;2016;4.92
ALB;2017;5.01
ALB;2018;5.23
DZA;2000;3.49
DZA;2001;3.84
DZA;2002;3.73
DZA;2003;3.6
DZA;2004;3.54
DZA;2005;3.24
DZA;2006;3.36
DZA;2007;3.82
DZA;2008;4.2
DZA;2009;5.36
DZA;2010;5.12
DZA;2011;5.27
DZA;2012;6
DZA;2013;6.04
DZA;2014;6.55
DZA;2015;6.98
DZA;2016;6.61
DZA;2017;6.28
DZA;2018;6.16
DZA;2019;6.24
AND;2000;5.96
AND;2001;5.87
AND;2002;6.1
AND;2003;5.64
AND;2004;5.38
AND;2005;5.74
AND;2006;5.06
AND;2007;5.03
AND;2008;5.79
AND;2009;6.24
AND;2010;6.58
AND;2011;6.09
AND;2012;6.13
AND;2013;6.16
AND;2014;6.13
AND;2015;6.28
AND;2016;6.31
AND;2017;6.59
AND;2018;6.75
AND;2019;6.71
AGO;2000;1.91
AGO;2001;4.48
AGO;2002;3.33
AGO;2003;3.55
AGO;2004;3.97
AGO;2005;2.85
AGO;2006;2.69
AGO;2007;2.97
AGO;2008;3.32
AGO;2009;3.84
AGO;2010;2.7
AGO;2011;2.65
AGO;2012;2.4
AGO;2013;2.73
AGO;2014;2.43
AGO;2015;2.61
AGO;2016;2.71
AGO;2017;2.79
AGO;2018;2.54
AGO;2019;2.53
ATG;2000;4.69
ATG;2001;5.44
ATG;2002;5.29
ATG;2003;5.59
ATG;2004;5.12
ATG;2005;4.99
ATG;2006;4.63
ATG;2007;4.45
ATG;2008;4.2
ATG;2009;4.19
ATG;2010;5.38
ATG;2011;5.44
ATG;2012;5.48
ATG;2013;5.51
ATG;2014;5.87
ATG;2015;5.28
ATG;2016;5.12
ATG;2017;4.87
ATG;2018;4.85
ATG;2019;4.44
ARG;2000;8.22
ARG;2001;8.37
ARG;2002;7.39
ARG;2003;6.89
ARG;2004;7.23
ARG;2005;7.61
ARG;2006;7.64
ARG;2007;7.83
ARG;2008;8.18
ARG;2009;9.46
ARG;2010;9.45
ARG;2011;9.42
ARG;2012;9.83
ARG;2013;9.78
ARG;2014;9.67
ARG;2015;10.23
ARG;2016;9
ARG;2017;10.44
ARG;2018;9.67
ARG;2019;9.51
ARM;2000;4.2
ARM;2001;4.65
ARM;2002;7.61
ARM;2003;7.18
ARM;2004;6.06
ARM;2005;5.86
ARM;2006;5.85
ARM;2007;5.5
ARM;2008;6.64
ARM;2009;8.44
ARM;2010;9.24
ARM;2011;9.38
ARM;2012;9.13
ARM;2013;10.32
ARM;2014;10.18
ARM;2015;10.12
ARM;2016;9.95
ARM;2017;10.36
ARM;2018;10.01
ARM;2019;11.34
AUS;2000;7.61
AUS;2001;7.7
AUS;2002;7.89
AUS;2003;7.9
AUS;2004;8.11
AUS;2005;7.99
AUS;2006;7.99
AUS;2007;8.07
AUS;2008;8.26
AUS;2009;8.56
AUS;2010;8.43
AUS;2011;8.54
AUS;2012;8.68
AUS;2013;8.76
AUS;2014;9.04
AUS;2015;9.33
AUS;2016;9.25
AUS;2017;9.27
AUS;2018;9.16
AUS;2019;9.91
AUT;2000;9.2
AUT;2001;9.27
AUT;2002;9.39
AUT;2003;9.55
AUT;2004;9.71
AUT;2005;9.63
AUT;2006;9.53
AUT;2007;9.53
AUT;2008;9.73
AUT;2009;10.23
AUT;2010;10.22
AUT;2011;10.03
AUT;2012;10.2
AUT;2013;10.29
AUT;2014;10.37
AUT;2015;10.37
AUT;2016;10.35
AUT;2017;10.38
AUT;2018;10.32
AUT;2019;10.43
AZE;2000;2.95
AZE;2001;2.76
AZE;2002;2.73
AZE;2003;2.73
AZE;2004;2.67
AZE;2005;2.26
AZE;2006;2.07
AZE;2007;1.99
AZE;2008;1.94
AZE;2009;2.61
AZE;2010;2.49
AZE;2011;2.45
AZE;2012;2.96
AZE;2013;3.04
AZE;2014;3.38
AZE;2015;4.11
AZE;2016;4.04
AZE;2017;3.74
AZE;2018;3.56
AZE;2019;4.04
BHS;2000;3.8
BHS;2001;3.92
BHS;2002;3.81
BHS;2003;4.02
BHS;2004;4.05
BHS;2005;4.03
BHS;2006;4.31
BHS;2007;4.5
BHS;2008;4.86
BHS;2009;5.15
BHS;2010;5.26
BHS;2011;5.32
BHS;2012;5.32
BHS;2013;5.59
BHS;2014;5.57
BHS;2015;5.23
BHS;2016;5.62
BHS;2017;6.61
BHS;2018;5.93
BHS;2019;5.75
BHR;2000;3.56
BHR;2001;3.68
BHR;2002;3.85
BHR;2003;3.99
BHR;2004;3.47
BHR;2005;3.18
BHR;2006;3.06
BHR;2007;3.3
BHR;2008;3.29
BHR;2009;4.06
BHR;2010;3.84
BHR;2011;3.58
BHR;2012;4.11
BHR;2013;4.31
BHR;2014;4.41
BHR;2015;4.99
BHR;2016;4.86
BHR;2017;4.74
BHR;2018;4.14
BHR;2019;4.01
BGD;2000;2.07
BGD;2001;2.06
BGD;2002;2.26
BGD;2003;2.31
BGD;2004;2.34
BGD;2005;2.41
BGD;2006;2.48
BGD;2007;2.56
BGD;2008;2.49
BGD;2009;2.56
BGD;2010;2.68
BGD;2011;2.76
BGD;2012;2.75
BGD;2013;2.65
BGD;2014;2.66
BGD;2015;2.64
BGD;2016;2.47
BGD;2017;2.43
BGD;2018;2.51
BGD;2019;2.48
BRB;2000;5.33
BRB;2001;5.53
BRB;2002;5.86
BRB;2003;6.68
BRB;2004;7.32
BRB;2005;6.77
BRB;2006;6.58
BRB;2007;6.06
BRB;2008;6.48
BRB;2009;7.15
BRB;2010;6.77
BRB;2011;6.9
BRB;2012;7.78
BRB;2013;7.5
BRB;2014;7
BRB;2015;6.77
BRB;2016;6.68
BRB;2017;6.62
BRB;2018;6.56
BRB;2019;6.3
BLR;2000;5.28
BLR;2001;5.71
BLR;2002;5.62
BLR;2003;5.77
BLR;2004;5.74
BLR;2005;6.07
BLR;2006;5.57
BLR;2007;5.69
BLR;2008;5.29
BLR;2009;5.39
BLR;2010;5.66
BLR;2011;4.87
BLR;2012;5.25
BLR;2013;5.7
BLR;2014;5.39
BLR;2015;6.07
BLR;2016;5.91
BLR;2017;5.76
BLR;2018;5.53
BLR;2019;5.86
BEL;2000;8
BEL;2001;8.15
BEL;2002;8.32
BEL;2003;9.21
BEL;2004;9.37
BEL;2005;9.26
BEL;2006;9.16
BEL;2007;9.17
BEL;2008;9.63
BEL;2009;10.35
BEL;2010;10.23
BEL;2011;10.39
BEL;2012;10.51
BEL;2013;10.56
BEL;2014;10.59
BEL;2015;10.43
BEL;2016;10.77
BEL;2017;10.78
BEL;2018;10.76
BEL;2019;10.66
BLZ;2000;3.99
BLZ;2001;4.63
BLZ;2002;4.71
BLZ;2003;4.62
BLZ;2004;4.48
BLZ;2005;4.5
BLZ;2006;4.56
BLZ;2007;5.33
BLZ;2008;5.68
BLZ;2009;5.85
BLZ;2010;5.68
BLZ;2011;5.72
BLZ;2012;5.47
BLZ;2013;5.65
BLZ;2014;6.19
BLZ;2015;5.94
BLZ;2016;6.15
BLZ;2017;5.79
BLZ;2018;5.82
BLZ;2019;5.97
BEN;2000;3.1
BEN;2001;3.25
BEN;2002;3.04
BEN;2003;3.04
BEN;2004;3.08
BEN;2005;2.93
BEN;2006;2.97
BEN;2007;2.89
BEN;2008;2.7
BEN;2009;2.83
BEN;2010;3
BEN;2011;3.1
BEN;2012;3.41
BEN;2013;2.86
BEN;2014;2.67
BEN;2015;2.91
BEN;2016;2.74
BEN;2017;2.62
BEN;2018;2.5
BEN;2019;2.39
BTN;2000;4.45
BTN;2001;5
BTN;2002;4.6
BTN;2003;4.13
BTN;2004;4.6
BTN;2005;4.13
BTN;2006;4.36
BTN;2007;4.09
BTN;2008;3.38
BTN;2009;3.55
BTN;2010;3.56
BTN;2011;3.35
BTN;2012;3.62
BTN;2013;3.71
BTN;2014;3.56
BTN;2015;3.76
BTN;2016;3.58
BTN;2017;3.34
BTN;2018;3.24
BTN;2019;3.61
BOL;2000;4.4
BOL;2001;4.83
BOL;2002;4.9
BOL;2003;5.2
BOL;2004;4.86
BOL;2005;5.07
BOL;2006;4.66
BOL;2007;4.7
BOL;2008;4.61
BOL;2009;5.17
BOL;2010;5.2
BOL;2011;5.17
BOL;2012;5.25
BOL;2013;5.57
BOL;2014;5.9
BOL;2015;6.55
BOL;2016;6.83
BOL;2017;6.49
BOL;2018;6.64
BOL;2019;6.92
BIH;2000;7.65
BIH;2001;7.28
BIH;2002;7.13
BIH;2003;8.03
BIH;2004;9.06
BIH;2005;9.05
BIH;2006;9.17
BIH;2007;9.53
BIH;2008;9.69
BIH;2009;9.02
BIH;2010;9.02
BIH;2011;9.18
BIH;2012;9.49
BIH;2013;9.45
BIH;2014;9.49
BIH;2015;9.35
BIH;2016;9.25
BIH;2017;8.94
BIH;2018;8.89
BIH;2019;9.05
BWA;2000;5.83
BWA;2001;6.16
BWA;2002;6.42
BWA;2003;6.18
BWA;2004;5.8
BWA;2005;5.03
BWA;2006;4.77
BWA;2007;5.33
BWA;2008;5.78
BWA;2009;6.53
BWA;2010;6.19
BWA;2011;5.78
BWA;2012;6.14
BWA;2013;6.22
BWA;2014;5.6
BWA;2015;5.73
BWA;2016;5.56
BWA;2017;6.13
BWA;2018;5.97
BWA;2019;6.05
BRA;2000;8.33
BRA;2001;8.55
BRA;2002;8.7
BRA;2003;8.19
BRA;2004;8.12
BRA;2005;8.04
BRA;2006;8.25
BRA;2007;8.2
BRA;2008;8.01
BRA;2009;8.39
BRA;2010;7.95
BRA;2011;7.79
BRA;2012;7.74
BRA;2013;7.98
BRA;2014;8.4
BRA;2015;8.91
BRA;2016;9.17
BRA;2017;9.47
BRA;2018;9.46
BRA;2019;9.59
BRN;2000;2.55
BRN;2001;2.55
BRN;2002;2.54
BRN;2003;2.61
BRN;2004;2.56
BRN;2005;2.24
BRN;2006;1.92
BRN;2007;1.96
BRN;2008;1.88
BRN;2009;2.39
BRN;2010;2.28
BRN;2011;1.86
BRN;2012;1.85
BRN;2013;1.9
BRN;2014;1.91
BRN;2015;2.39
BRN;2016;2.55
BRN;2017;2.27
BRN;2018;2.41
BRN;2019;2.16
BGR;2000;5.83
BGR;2001;6.86
BGR;2002;7.08
BGR;2003;7.2
BGR;2004;6.89
BGR;2005;6.89
BGR;2006;6.53
BGR;2007;6.16
BGR;2008;6.29
BGR;2009;6.6
BGR;2010;7.14
BGR;2011;7.14
BGR;2012;7.58
BGR;2013;7.17
BGR;2014;7.71
BGR;2015;7.41
BGR;2016;7.48
BGR;2017;7.52
BGR;2018;7.34
BGR;2019;7.13
BFA;2000;2.95
BFA;2001;2.89
BFA;2002;2.97
BFA;2003;3.14
BFA;2004;4.22
BFA;2005;3.95
BFA;2006;4.51
BFA;2007;5.23
BFA;2008;4.65
BFA;2009;5.08
BFA;2010;5.24
BFA;2011;4.65
BFA;2012;4.6
BFA;2013;5.56
BFA;2014;5
BFA;2015;5.13
BFA;2016;5.96
BFA;2017;6.03
BFA;2018;4.91
BFA;2019;5.46
BDI;2000;6.18
BDI;2001;6.4
BDI;2002;6.47
BDI;2003;6.31
BDI;2004;7.7
BDI;2005;8.42
BDI;2006;9.94
BDI;2007;10.58
BDI;2008;9.24
BDI;2009;10.35
BDI;2010;11.28
BDI;2011;10.07
BDI;2012;8.53
BDI;2013;8.54
BDI;2014;7.32
BDI;2015;6.43
BDI;2016;7.72
BDI;2017;7.9
BDI;2018;8.24
BDI;2019;7.99
KHM;2000;6.54
KHM;2001;7.01
KHM;2002;7.24
KHM;2003;6.95
KHM;2004;7.09
KHM;2005;6.85
KHM;2006;6.12
KHM;2007;4.9
KHM;2008;6.6
KHM;2009;7.58
KHM;2010;6.91
KHM;2011;7.5
KHM;2012;7.26
KHM;2013;7.1
KHM;2014;6.7
KHM;2015;6.19
KHM;2016;6.12
KHM;2017;5.73
KHM;2018;6.18
KHM;2019;6.99
CMR;2000;4.3
CMR;2001;4.1
CMR;2002;4.29
CMR;2003;4.27
CMR;2004;4.02
CMR;2005;4.1
CMR;2006;4.03
CMR;2007;3.96
CMR;2008;3.82
CMR;2009;3.74
CMR;2010;3.76
CMR;2011;4.02
CMR;2012;4.07
CMR;2013;3.78
CMR;2014;3.95
CMR;2015;3.75
CMR;2016;3.73
CMR;2017;3.49
CMR;2018;3.47
CMR;2019;3.6
CAN;2000;8.25
CAN;2001;8.62
CAN;2002;8.86
CAN;2003;9.01
CAN;2004;9.07
CAN;2005;9.04
CAN;2006;9.34
CAN;2007;9.45
CAN;2008;9.61
CAN;2009;10.72
CAN;2010;10.7
CAN;2011;10.4
CAN;2012;10.51
CAN;2013;10.41
CAN;2014;10.25
CAN;2015;10.73
CAN;2016;11.02
CAN;2017;10.84
CAN;2018;10.81
CAN;2019;10.84
CPV;2000;4.43
CPV;2001;4.75
CPV;2002;4.76
CPV;2003;4.5
CPV;2004;4.38
CPV;2005;4.27
CPV;2006;4.49
CPV;2007;4.19
CPV;2008;3.58
CPV;2009;3.88
CPV;2010;4.48
CPV;2011;4.31
CPV;2012;5.13
CPV;2013;5.29
CPV;2014;5.33
CPV;2015;4.82
CPV;2016;4.85
CPV;2017;5.28
CPV;2018;5.27
CPV;2019;4.94
CAF;2000;4.27
CAF;2001;3.96
CAF;2002;4.23
CAF;2003;4.4
CAF;2004;4.3
CAF;2005;4.37
CAF;2006;4.44
CAF;2007;4.72
CAF;2008;4.09
CAF;2009;4.82
CAF;2010;3.83
CAF;2011;3.87
CAF;2012;3.94
CAF;2013;4.95
CAF;2014;4.92
CAF;2015;5.03
CAF;2016;5.44
CAF;2017;6.67
CAF;2018;11
CAF;2019;7.75
TCD;2000;5.46
TCD;2001;5.29
TCD;2002;7.27
TCD;2003;5.51
TCD;2004;5.5
TCD;2005;4.84
TCD;2006;4.87
TCD;2007;4.34
TCD;2008;4.06
TCD;2009;4.44
TCD;2010;4.06
TCD;2011;3.91
TCD;2012;3.86
TCD;2013;4.07
TCD;2014;4.27
TCD;2015;4.52
TCD;2016;5.05
TCD;2017;4.56
TCD;2018;4.17
TCD;2019;4.35
CHL;2000;7.04
CHL;2001;7.15
CHL;2002;7.27
CHL;2003;7.33
CHL;2004;6.9
CHL;2005;6.59
CHL;2006;6.04
CHL;2007;6.18
CHL;2008;6.74
CHL;2009;7.21
CHL;2010;6.77
CHL;2011;6.77
CHL;2012;7.02
CHL;2013;7.44
CHL;2014;7.81
CHL;2015;8.3
CHL;2016;8.52
CHL;2017;9.07
CHL;2018;9.16
CHL;2019;9.33
CHN;2000;4.51
CHN;2001;4.25
CHN;2002;4.38
CHN;2003;4.42
CHN;2004;4.29
CHN;2005;4.18
CHN;2006;3.95
CHN;2007;3.67
CHN;2008;3.9
CHN;2009;4.35
CHN;2010;4.23
CHN;2011;4.34
CHN;2012;4.57
CHN;2013;4.71
CHN;2014;4.78
CHN;2015;4.94
CHN;2016;4.98
CHN;2017;5.07
CHN;2018;5.17
CHN;2019;5.35
COL;2000;5.64
COL;2001;5.94
COL;2002;5.73
COL;2003;5.78
COL;2004;5.8
COL;2005;6.07
COL;2006;6.34
COL;2007;6.49
COL;2008;6.84
COL;2009;7.31
COL;2010;7.07
COL;2011;6.78
COL;2012;6.75
COL;2013;7.02
COL;2014;7.19
COL;2015;7.52
COL;2016;7.53
COL;2017;7.68
COL;2018;7.63
COL;2019;7.71
COM;2000;7.51
COM;2001;6.65
COM;2002;6.68
COM;2003;6.65
COM;2004;6.58
COM;2005;6.13
COM;2006;5.77
COM;2007;5.42
COM;2008;5.07
COM;2009;4.93
COM;2010;4.99
COM;2011;5.3
COM;2012;5.17
COM;2013;5.09
COM;2014;5.23
COM;2015;4.6
COM;2016;4.65
COM;2017;5.27
COM;2018;4.9
COM;2019;5.17
COG;2000;1.51
COG;2001;2.19
COG;2002;1.7
COG;2003;1.92
COG;2004;1.92
COG;2005;1.72
COG;2006;1.71
COG;2007;1.9
COG;2008;2.24
COG;2009;2.14
COG;2010;1.85
COG;2011;1.75
COG;2012;1.91
COG;2013;1.94
COG;2014;1.97
COG;2015;2.46
COG;2016;2.79
COG;2017;2.52
COG;2018;1.94
COG;2019;2.08
COK;2000;2.95
COK;2001;3.21
COK;2002;3.41
COK;2003;3.11
COK;2004;3.32
COK;2005;3.82
COK;2006;3.38
COK;2007;3.69
COK;2008;3.42
COK;2009;3.5
COK;2010;3.68
COK;2011;3.58
COK;2012;3.17
COK;2013;3.39
COK;2014;3.29
COK;2015;2.7
COK;2016;3.23
COK;2017;2.96
COK;2018;2.88
COK;2019;3.07
CRI;2000;6.56
CRI;2001;6.47
CRI;2002;6.87
CRI;2003;6.97
CRI;2004;6.63
CRI;2005;6.66
CRI;2006;6.94
CRI;2007;7
CRI;2008;7.47
CRI;2009;7.86
CRI;2010;8.03
CRI;2011;8.12
CRI;2012;7.79
CRI;2013;7.68
CRI;2014;7.66
CRI;2015;7.59
CRI;2016;7.32
CRI;2017;7.05
CRI;2018;7.3
CRI;2019;7.27
CIV;2000;6.13
CIV;2001;6.02
CIV;2002;5.9
CIV;2003;5.48
CIV;2004;5.48
CIV;2005;5.01
CIV;2006;4.76
CIV;2007;4.55
CIV;2008;4.57
CIV;2009;4.47
CIV;2010;4.42
CIV;2011;4.4
CIV;2012;4.43
CIV;2013;3.72
CIV;2014;3.73
CIV;2015;3.22
CIV;2016;3.35
CIV;2017;3.31
CIV;2018;3.12
CIV;2019;3.3
HRV;2000;7.71
HRV;2001;7.23
HRV;2002;6.21
HRV;2003;6.36
HRV;2004;6.57
HRV;2005;6.91
HRV;2006;6.98
HRV;2007;7.48
HRV;2008;7.73
HRV;2009;8.18
HRV;2010;8.09
HRV;2011;7.77
HRV;2012;7.78
HRV;2013;6.52
HRV;2014;6.7
HRV;2015;6.79
HRV;2016;6.83
HRV;2017;6.76
HRV;2018;6.78
HRV;2019;6.98
CUB;2000;6.58
CUB;2001;6.98
CUB;2002;7.11
CUB;2003;7.1
CUB;2004;6.83
CUB;2005;8.76
CUB;2006;8.27
CUB;2007;10.97
CUB;2008;11.31
CUB;2009;12.29
CUB;2010;10.69
CUB;2011;11.31
CUB;2012;9.3
CUB;2013;10.43
CUB;2014;12.14
CUB;2015;12.81
CUB;2016;12.22
CUB;2017;11.71
CUB;2018;11.19
CUB;2019;11.34
CYP;2000;5.31
CYP;2001;5.34
CYP;2002;5.62
CYP;2003;5.64
CYP;2004;5.41
CYP;2005;5.44
CYP;2006;5.46
CYP;2007;5.36
CYP;2008;6.01
CYP;2009;6.47
CYP;2010;6.52
CYP;2011;6.45
CYP;2012;6.55
CYP;2013;6.95
CYP;2014;6.95
CYP;2015;6.75
CYP;2016;6.62
CYP;2017;6.6
CYP;2018;6.77
CYP;2019;7.01
CZE;2000;5.7
CZE;2001;5.86
CZE;2002;6.18
CZE;2003;6.52
CZE;2004;6.35
CZE;2005;6.34
CZE;2006;6.16
CZE;2007;5.99
CZE;2008;6.33
CZE;2009;7.25
CZE;2010;6.88
CZE;2011;6.93
CZE;2012;6.98
CZE;2013;7.72
CZE;2014;7.6
CZE;2015;7.2
CZE;2016;7.11
CZE;2017;7.14
CZE;2018;7.52
CZE;2019;7.83
COD;2000;1.55
COD;2001;2.71
COD;2002;2.65
COD;2003;3.82
COD;2004;4.42
COD;2005;4.25
COD;2006;4.39
COD;2007;4.34
COD;2008;4.99
COD;2009;4.55
COD;2010;3.86
COD;2011;3.26
COD;2012;3.3
COD;2013;3.57
COD;2014;3.98
COD;2015;3.97
COD;2016;4.37
COD;2017;4.16
COD;2018;3.3
COD;2019;3.54
DNK;2000;8.1
DNK;2001;8.45
DNK;2002;8.7
DNK;2003;8.9
DNK;2004;9.01
DNK;2005;9.09
DNK;2006;9.17
DNK;2007;9.33
DNK;2008;9.51
DNK;2009;10.67
DNK;2010;10.33
DNK;2011;10.15
DNK;2012;10.24
DNK;2013;10.17
DNK;2014;10.17
DNK;2015;10.23
DNK;2016;10.14
DNK;2017;10.04
DNK;2018;10.07
DNK;2019;9.96
DJI;2000;2.94
DJI;2001;2.81
DJI;2002;3.59
DJI;2003;3.98
DJI;2004;3.32
DJI;2005;3.22
DJI;2006;3.48
DJI;2007;3.41
DJI;2008;3.19
DJI;2009;3.21
DJI;2010;3.06
DJI;2011;3.38
DJI;2012;3.3
DJI;2013;2.92
DJI;2014;2.97
DJI;2015;3.08
DJI;2016;2.73
DJI;2017;2.46
DJI;2018;2.26
DJI;2019;1.8
DMA;2000;5.32
DMA;2001;4.65
DMA;2002;4.65
DMA;2003;4.85
DMA;2004;4.75
DMA;2005;4.98
DMA;2006;4.78
DMA;2007;4.79
DMA;2008;5.05
DMA;2009;4.98
DMA;2010;5.16
DMA;2011;5.33
DMA;2012;5.8
DMA;2013;5.31
DMA;2014;5.23
DMA;2015;5.16
DMA;2016;5.13
DMA;2017;5.45
DMA;2018;6.47
DMA;2019;5.46
DOM;2000;4.88
DOM;2001;4.88
DOM;2002;4.99
DOM;2003;4.39
DOM;2004;4.29
DOM;2005;4.35
DOM;2006;3.99
DOM;2007;4.21
DOM;2008;4.73
DOM;2009;5.09
DOM;2010;5.58
DOM;2011;5.67
DOM;2012;5.89
DOM;2013;5.76
DOM;2014;5.75
DOM;2015;5.78
DOM;2016;5.83
DOM;2017;5.83
DOM;2018;5.73
DOM;2019;5.93
ECU;2000;3.33
ECU;2001;3.75
ECU;2002;4.47
ECU;2003;5.44
ECU;2004;5.57
ECU;2005;5.59
ECU;2006;5.7
ECU;2007;5.34
ECU;2008;5.38
ECU;2009;5.7
ECU;2010;6.12
ECU;2011;6.48
ECU;2012;6.76
ECU;2013;6.8
ECU;2014;6.72
ECU;2015;7.49
ECU;2016;7.28
ECU;2017;7.43
ECU;2018;7.86
ECU;2019;7.82
EGY;2000;4.92
EGY;2001;5.4
EGY;2002;5.51
EGY;2003;5.22
EGY;2004;4.86
EGY;2005;4.92
EGY;2006;4.84
EGY;2007;4.44
EGY;2008;4.47
EGY;2009;4.38
EGY;2010;4.15
EGY;2011;4.36
EGY;2012;4.71
EGY;2013;4.92
EGY;2014;5.03
EGY;2015;5.34
EGY;2016;5.36
EGY;2017;5.63
EGY;2018;4.95
EGY;2019;4.74
SLV;2000;8.92
SLV;2001;8.82
SLV;2002;8.78
SLV;2003;8.41
SLV;2004;8.5
SLV;2005;8.44
SLV;2006;7.92
SLV;2007;7.64
SLV;2008;7.66
SLV;2009;8.4
SLV;2010;8.24
SLV;2011;8.14
SLV;2012;7.54
SLV;2013;7.72
SLV;2014;7.68
SLV;2015;7.63
SLV;2016;7.71
SLV;2017;7.21
SLV;2018;7.09
SLV;2019;7.17
GNQ;2000;2.15
GNQ;2001;2.2
GNQ;2002;2.35
GNQ;2003;1.98
GNQ;2004;1.66
GNQ;2005;1.5
GNQ;2006;1.52
GNQ;2007;1.57
GNQ;2008;1.83
GNQ;2009;1.84
GNQ;2010;1.82
GNQ;2011;1.55
GNQ;2012;1.26
GNQ;2013;1.88
GNQ;2014;2.19
GNQ;2015;2.92
GNQ;2016;3.14
GNQ;2017;2.96
GNQ;2018;3.06
GNQ;2019;3.14
ERI;2000;5.77
ERI;2001;5.92
ERI;2002;6.69
ERI;2003;7.34
ERI;2004;7.01
ERI;2005;6.86
ERI;2006;6.86
ERI;2007;5.28
ERI;2008;6.42
ERI;2009;5.39
ERI;2010;4.93
ERI;2011;5.22
ERI;2012;3.78
ERI;2013;5.01
ERI;2014;4.06
ERI;2015;4.45
ERI;2016;3.52
ERI;2017;3.73
ERI;2018;4.13
ERI;2019;4.46
EST;2000;5.16
EST;2001;4.78
EST;2002;4.7
EST;2003;4.86
EST;2004;5.12
EST;2005;5.06
EST;2006;4.77
EST;2007;4.98
EST;2008;5.71
EST;2009;6.51
EST;2010;6.27
EST;2011;5.77
EST;2012;5.79
EST;2013;5.98
EST;2014;6.08
EST;2015;6.35
EST;2016;6.43
EST;2017;6.59
EST;2018;6.69
EST;2019;6.73
SWZ;2000;4.61
SWZ;2001;5.14
SWZ;2002;5.52
SWZ;2003;6.38
SWZ;2004;6.81
SWZ;2005;7.38
SWZ;2006;7.83
SWZ;2007;7.93
SWZ;2008;8.86
SWZ;2009;8.63
SWZ;2010;8.59
SWZ;2011;8.47
SWZ;2012;7.82
SWZ;2013;7.46
SWZ;2014;7.26
SWZ;2015;7.06
SWZ;2016;6.82
SWZ;2017;6.98
SWZ;2018;7.26
SWZ;2019;6.78
ETH;2000;4.37
ETH;2001;4.72
ETH;2002;4.71
ETH;2003;4.9
ETH;2004;4.31
ETH;2005;4.1
ETH;2006;4.46
ETH;2007;5
ETH;2008;4.28
ETH;2009;4.65
ETH;2010;5.47
ETH;2011;4.47
ETH;2012;4.54
ETH;2013;4.08
ETH;2014;4.03
ETH;2015;3.82
ETH;2016;3.6
ETH;2017;3.45
ETH;2018;3.31
ETH;2019;3.24
FJI;2000;3.42
FJI;2001;2.91
FJI;2002;2.98
FJI;2003;2.97
FJI;2004;3.26
FJI;2005;3.26
FJI;2006;3.35
FJI;2007;3.42
FJI;2008;3.18
FJI;2009;3.54
FJI;2010;3.42
FJI;2011;3.14
FJI;2012;3.27
FJI;2013;3.2
FJI;2014;3.37
FJI;2015;3.32
FJI;2016;3.28
FJI;2017;3.19
FJI;2018;3.42
FJI;2019;3.82
FIN;2000;7.09
FIN;2001;7.25
FIN;2002;7.63
FIN;2003;7.94
FIN;2004;8.06
FIN;2005;8.29
FIN;2006;8.28
FIN;2007;8.08
FIN;2008;8.34
FIN;2009;9.16
FIN;2010;9.14
FIN;2011;9.22
FIN;2012;9.59
FIN;2013;9.81
FIN;2014;9.78
FIN;2015;9.65
FIN;2016;9.38
FIN;2017;9.13
FIN;2018;9.04
FIN;2019;9.15
FRA;2000;9.58
FRA;2001;9.71
FRA;2002;10.02
FRA;2003;10.08
FRA;2004;10.16
FRA;2005;10.21
FRA;2006;10.39
FRA;2007;10.32
FRA;2008;10.5
FRA;2009;11.29
FRA;2010;11.23
FRA;2011;11.18
FRA;2012;11.3
FRA;2013;11.42
FRA;2014;11.54
FRA;2015;11.45
FRA;2016;11.47
FRA;2017;11.33
FRA;2018;11.19
FRA;2019;11.06
GAB;2000;2.91
GAB;2001;3.15
GAB;2002;3.33
GAB;2003;3.54
GAB;2004;3.33
GAB;2005;2.93
GAB;2006;3.15
GAB;2007;3.16
GAB;2008;2.79
GAB;2009;3.84
GAB;2010;2.48
GAB;2011;2.56
GAB;2012;2.42
GAB;2013;2.84
GAB;2014;2.53
GAB;2015;2.66
GAB;2016;3.11
GAB;2017;2.78
GAB;2018;2.75
GAB;2019;2.77
GMB;2000;6.64
GMB;2001;5.71
GMB;2002;6.35
GMB;2003;5.57
GMB;2004;5.54
GMB;2005;5.73
GMB;2006;6.2
GMB;2007;5.68
GMB;2008;5.47
GMB;2009;5.18
GMB;2010;5.09
GMB;2011;5.5
GMB;2012;5.16
GMB;2013;3.91
GMB;2014;4.45
GMB;2015;3.18
GMB;2016;3.68
GMB;2017;4.14
GMB;2018;4.89
GMB;2019;3.82
GEO;2000;7.19
GEO;2001;7.17
GEO;2002;7.81
GEO;2003;8.03
GEO;2004;8.09
GEO;2005;8.08
GEO;2006;7.63
GEO;2007;7.44
GEO;2008;8.44
GEO;2009;9.57
GEO;2010;9.07
GEO;2011;8.01
GEO;2012;8.05
GEO;2013;7.88
GEO;2014;7.9
GEO;2015;7.42
GEO;2016;8
GEO;2017;7.06
GEO;2018;7.11
GEO;2019;6.66
DEU;2000;9.89
DEU;2001;9.92
DEU;2002;10.18
DEU;2003;10.4
DEU;2004;10.15
DEU;2005;10.31
DEU;2006;10.18
DEU;2007;10.05
DEU;2008;10.25
DEU;2009;11.24
DEU;2010;11.1
DEU;2011;10.78
DEU;2012;10.85
DEU;2013;11
DEU;2014;11.02
DEU;2015;11.18
DEU;2016;11.24
DEU;2017;11.33
DEU;2018;11.45
DEU;2019;11.7
GHA;2000;2.79
GHA;2001;3.17
GHA;2002;2.89
GHA;2003;2.83
GHA;2004;2.77
GHA;2005;3.64
GHA;2006;3.68
GHA;2007;3.81
GHA;2008;3.9
GHA;2009;4.42
GHA;2010;4.25
GHA;2011;4.71
GHA;2012;4.03
GHA;2013;4.62
GHA;2014;4.1
GHA;2015;4.62
GHA;2016;3.46
GHA;2017;3.36
GHA;2018;3.49
GHA;2019;3.42
GRC;2000;7.24
GRC;2001;7.99
GRC;2002;8.23
GRC;2003;8.45
GRC;2004;8.09
GRC;2005;8.56
GRC;2006;8.26
GRC;2007;8.4
GRC;2008;8.83
GRC;2009;9.41
GRC;2010;9.6
GRC;2011;9.19
GRC;2012;8.92
GRC;2013;8.37
GRC;2014;7.91
GRC;2015;8.07
GRC;2016;8.32
GRC;2017;8.1
GRC;2018;7.96
GRC;2019;7.84
GRD;2000;5.36
GRD;2001;5.62
GRD;2002;6.18
GRD;2003;5.28
GRD;2004;5.37
GRD;2005;5.14
GRD;2006;5.11
GRD;2007;5.24
GRD;2008;5.39
GRD;2009;5.43
GRD;2010;5.42
GRD;2011;5.8
GRD;2012;5.82
GRD;2013;5.63
GRD;2014;4.77
GRD;2015;4.65
GRD;2016;4.44
GRD;2017;4.66
GRD;2018;4.58
GRD;2019;4.97
GTM;2000;5.4
GTM;2001;6.07
GTM;2002;6.01
GTM;2003;6.15
GTM;2004;6.26
GTM;2005;6.15
GTM;2006;6.36
GTM;2007;6.19
GTM;2008;6.08
GTM;2009;6.34
GTM;2010;6.12
GTM;2011;5.96
GTM;2012;6.07
GTM;2013;5.77
GTM;2014;5.89
GTM;2015;6.01
GTM;2016;6.07
GTM;2017;6.14
GTM;2018;6.12
GTM;2019;6.21
GIN;2000;4.75
GIN;2001;4.89
GIN;2002;5.36
GIN;2003;4.78
GIN;2004;4.78
GIN;2005;4.04
GIN;2006;3.61
GIN;2007;3.43
GIN;2008;3.26
GIN;2009;3.58
GIN;2010;3.43
GIN;2011;3.79
GIN;2012;3.5
GIN;2013;3.46
GIN;2014;4.78
GIN;2015;5.81
GIN;2016;5.4
GIN;2017;3.91
GIN;2018;3.64
GIN;2019;3.98
GNB;2000;6.74
GNB;2001;6.71
GNB;2002;5.82
GNB;2003;5.88
GNB;2004;7.48
GNB;2005;7.25
GNB;2006;7.29
GNB;2007;7.3
GNB;2008;7.04
GNB;2009;6.95
GNB;2010;6.26
GNB;2011;6.22
GNB;2012;5.94
GNB;2013;7.04
GNB;2014;9.97
GNB;2015;8.13
GNB;2016;8.33
GNB;2017;7
GNB;2018;7.63
GNB;2019;8.35
GUY;2000;3.19
GUY;2001;3.06
GUY;2002;3.19
GUY;2003;3.27
GUY;2004;3.44
GUY;2005;3.79
GUY;2006;3.93
GUY;2007;4.28
GUY;2008;4.2
GUY;2009;4.35
GUY;2010;4.22
GUY;2011;4.17
GUY;2012;3.71
GUY;2013;3.8
GUY;2014;3.95
GUY;2015;4.02
GUY;2016;4.02
GUY;2017;4.32
GUY;2018;4.9
GUY;2019;4.93
HTI;2000;3.96
HTI;2001;3.73
HTI;2002;3.41
HTI;2003;3.41
HTI;2004;3.45
HTI;2005;3.37
HTI;2006;3.53
HTI;2007;3.73
HTI;2008;3.79
HTI;2009;3.6
HTI;2010;4.63
HTI;2011;5.91
HTI;2012;5.56
HTI;2013;4.22
HTI;2014;4.63
HTI;2015;5.07
HTI;2016;4.9
HTI;2017;4.79
HTI;2018;4.57
HTI;2019;4.73
HND;2000;6.27
HND;2001;5.93
HND;2002;6.24
HND;2003;6.89
HND;2004;6.85
HND;2005;7.5
HND;2006;7.86
HND;2007;8.08
HND;2008;8.6
HND;2009;9
HND;2010;8.73
HND;2011;8.79
HND;2012;8.66
HND;2013;8.48
HND;2014;7.91
HND;2015;7.48
HND;2016;7.69
HND;2017;6.99
HND;2018;7.22
HND;2019;7.28
HUN;2000;6.78
HUN;2001;6.83
HUN;2002;7.12
HUN;2003;8.12
HUN;2004;7.77
HUN;2005;8
HUN;2006;7.79
HUN;2007;7.22
HUN;2008;7.1
HUN;2009;7.24
HUN;2010;7.46
HUN;2011;7.49
HUN;2012;7.43
HUN;2013;7.25
HUN;2014;7.06
HUN;2015;6.86
HUN;2016;7
HUN;2017;6.76
HUN;2018;6.55
HUN;2019;6.35
ISL;2000;8.93
ISL;2001;8.79
ISL;2002;9.47
ISL;2003;9.73
ISL;2004;9.33
ISL;2005;8.95
ISL;2006;8.56
ISL;2007;8.35
ISL;2008;8.34
ISL;2009;8.78
ISL;2010;8.36
ISL;2011;8.2
ISL;2012;8.18
ISL;2013;8.18
ISL;2014;8.23
ISL;2015;8.07
ISL;2016;8.1
ISL;2017;8.31
ISL;2018;8.44
ISL;2019;8.64
IND;2000;4.03
IND;2001;4.26
IND;2002;4.24
IND;2003;4.01
IND;2004;3.96
IND;2005;3.79
IND;2006;3.63
IND;2007;3.52
IND;2008;3.51
IND;2009;3.49
IND;2010;3.27
IND;2011;3.25
IND;2012;3.33
IND;2013;3.75
IND;2014;3.62
IND;2015;3.6
IND;2016;3.5
IND;2017;2.94
IND;2018;2.95
IND;2019;3.01
IDN;2000;1.85
IDN;2001;2.12
IDN;2002;1.98
IDN;2003;2.25
IDN;2004;2.12
IDN;2005;2.53
IDN;2006;2.62
IDN;2007;2.82
IDN;2008;2.55
IDN;2009;2.62
IDN;2010;2.79
IDN;2011;2.99
IDN;2012;2.91
IDN;2013;2.87
IDN;2014;2.96
IDN;2015;2.92
IDN;2016;3.02
IDN;2017;2.9
IDN;2018;2.87
IDN;2019;2.9
IRN;2000;4.78
IRN;2001;5.4
IRN;2002;4.78
IRN;2003;5.17
IRN;2004;5.17
IRN;2005;5.39
IRN;2006;5.29
IRN;2007;5.06
IRN;2008;5.29
IRN;2009;6.5
IRN;2010;6.69
IRN;2011;6.57
IRN;2012;6.58
IRN;2013;5.94
IRN;2014;6.76
IRN;2015;7.54
IRN;2016;8.57
IRN;2017;8.43
IRN;2018;8.46
IRN;2019;6.71
IRQ;2003;2.99
IRQ;2004;3.84
IRQ;2005;2.9
IRQ;2006;2.42
IRQ;2007;3.11
IRQ;2008;3.04
IRQ;2009;3.77
IRQ;2010;3.23
IRQ;2011;2.79
IRQ;2012;2.69
IRQ;2013;2.82
IRQ;2014;2.8
IRQ;2015;3.14
IRQ;2016;3.49
IRQ;2017;4.19
IRQ;2018;4.24
IRQ;2019;4.48
IRL;2000;5.9
IRL;2001;6.4
IRL;2002;6.67
IRL;2003;7.01
IRL;2004;7.22
IRL;2005;7.65
IRL;2006;7.52
IRL;2007;7.81
IRL;2008;9.11
IRL;2009;10.51
IRL;2010;10.51
IRL;2011;10.68
IRL;2012;10.65
IRL;2013;10.3
IRL;2014;9.53
IRL;2015;7.32
IRL;2016;7.42
IRL;2017;7.06
IRL;2018;6.86
IRL;2019;6.68
ISR;2000;6.78
ISR;2001;7.21
ISR;2002;7.13
ISR;2003;7.07
ISR;2004;7.01
ISR;2005;7.12
ISR;2006;6.91
ISR;2007;6.88
ISR;2008;6.96
ISR;2009;7.07
ISR;2010;7.02
ISR;2011;6.99
ISR;2012;7.12
ISR;2013;7.08
ISR;2014;7.14
ISR;2015;7.1
ISR;2016;7.17
ISR;2017;7.29
ISR;2018;7.53
ISR;2019;7.46
ITA;2000;7.57
ITA;2001;7.74
ITA;2002;7.87
ITA;2003;7.83
ITA;2004;8.17
ITA;2005;8.34
ITA;2006;8.44
ITA;2007;8.14
ITA;2008;8.53
ITA;2009;8.95
ITA;2010;8.92
ITA;2011;8.77
ITA;2012;8.78
ITA;2013;8.78
ITA;2014;8.87
ITA;2015;8.86
ITA;2016;8.73
ITA;2017;8.68
ITA;2018;8.68
ITA;2019;8.67
JAM;2000;5.64
JAM;2001;5.16
JAM;2002;4.75
JAM;2003;4.22
JAM;2004;4.8
JAM;2005;4.55
JAM;2006;4.21
JAM;2007;5.32
JAM;2008;5.61
JAM;2009;5.15
JAM;2010;5.3
JAM;2011;5.24
JAM;2012;4.89
JAM;2013;4.95
JAM;2014;5.17
JAM;2015;5.62
JAM;2016;5.7
JAM;2017;6.15
JAM;2018;5.97
JAM;2019;6.1
JPN;2000;7.03
JPN;2001;7.24
JPN;2002;7.35
JPN;2003;7.49
JPN;2004;7.54
JPN;2005;7.66
JPN;2006;7.69
JPN;2007;7.78
JPN;2008;8.09
JPN;2009;8.96
JPN;2010;9.06
JPN;2011;10.49
JPN;2012;10.67
JPN;2013;10.67
JPN;2014;10.73
JPN;2015;10.75
JPN;2016;10.66
JPN;2017;10.66
JPN;2018;10.75
JPN;2019;10.74
JOR;2000;9.34
JOR;2001;9.59
JOR;2002;9.36
JOR;2003;8.84
JOR;2004;8.75
JOR;2005;8.59
JOR;2006;7.81
JOR;2007;8.05
JOR;2008;8.49
JOR;2009;9.22
JOR;2010;8.17
JOR;2011;8.15
JOR;2012;7.82
JOR;2013;7.17
JOR;2014;7.21
JOR;2015;7.46
JOR;2016;7.16
JOR;2017;7.98
JOR;2018;7.78
JOR;2019;7.58
KAZ;2000;4.16
KAZ;2001;3.47
KAZ;2002;3.61
KAZ;2003;3.72
KAZ;2004;3.98
KAZ;2005;3.9
KAZ;2006;3.4
KAZ;2007;2.7
KAZ;2008;3.05
KAZ;2009;3.5
KAZ;2010;2.74
KAZ;2011;2.6
KAZ;2012;3.04
KAZ;2013;2.66
KAZ;2014;2.97
KAZ;2015;3.04
KAZ;2016;3.42
KAZ;2017;3.05
KAZ;2018;2.82
KAZ;2019;2.79
KEN;2000;4.64
KEN;2001;4.8
KEN;2002;4.96
KEN;2003;5.17
KEN;2004;5.34
KEN;2005;5.31
KEN;2006;5.87
KEN;2007;6
KEN;2008;6.05
KEN;2009;6.03
KEN;2010;6.12
KEN;2011;5.81
KEN;2012;5.61
KEN;2013;5.52
KEN;2014;5.46
KEN;2015;5.22
KEN;2016;5.14
KEN;2017;4.14
KEN;2018;4.31
KEN;2019;4.59
KIR;2000;8.65
KIR;2001;12.33
KIR;2002;11.9
KIR;2003;10.67
KIR;2004;12.42
KIR;2005;11.51
KIR;2006;11.58
KIR;2007;11.35
KIR;2008;14.08
KIR;2009;13.44
KIR;2010;9.21
KIR;2011;8.58
KIR;2012;8.6
KIR;2013;9.46
KIR;2014;9.94
KIR;2015;7.99
KIR;2016;9.32
KIR;2017;10.69
KIR;2018;11.7
KIR;2019;10.26
KWT;2000;2.2
KWT;2001;3.19
KWT;2002;3.12
KWT;2003;2.76
KWT;2004;2.36
KWT;2005;2.01
KWT;2006;1.82
KWT;2007;1.93
KWT;2008;1.92
KWT;2009;2.71
KWT;2010;2.68
KWT;2011;2.33
KWT;2012;2.33
KWT;2013;2.49
KWT;2014;2.92
KWT;2015;4.21
KWT;2016;4.73
KWT;2017;4.65
KWT;2018;5.1
KWT;2019;5.5
KGZ;2000;4.41
KGZ;2001;4.28
KGZ;2002;4.59
KGZ;2003;5.82
KGZ;2004;6.2
KGZ;2005;7.45
KGZ;2006;8.31
KGZ;2007;6.93
KGZ;2008;6.53
KGZ;2009;6.9
KGZ;2010;6.95
KGZ;2011;7.11
KGZ;2012;8.51
KGZ;2013;8.19
KGZ;2014;7.36
KGZ;2015;7.15
KGZ;2016;6.41
KGZ;2017;6.19
KGZ;2018;5.01
KGZ;2019;4.49
LAO;2000;4.28
LAO;2001;4.29
LAO;2002;3.7
LAO;2003;4.48
LAO;2004;3.54
LAO;2005;3.34
LAO;2006;2.93
LAO;2007;3.15
LAO;2008;2.77
LAO;2009;3.46
LAO;2010;2.91
LAO;2011;1.94
LAO;2012;2.08
LAO;2013;2.4
LAO;2014;2.3
LAO;2015;2.45
LAO;2016;2.36
LAO;2017;2.53
LAO;2018;2.25
LAO;2019;2.6
LVA;2000;5.44
LVA;2001;5.78
LVA;2002;5.77
LVA;2003;5.49
LVA;2004;6.22
LVA;2005;5.85
LVA;2006;5.72
LVA;2007;5.52
LVA;2008;5.6
LVA;2009;6.12
LVA;2010;6.12
LVA;2011;5.54
LVA;2012;5.38
LVA;2013;5.37
LVA;2014;5.47
LVA;2015;5.65
LVA;2016;6.14
LVA;2017;5.97
LVA;2018;6.19
LVA;2019;6.58
LBN;2000;10.83
LBN;2001;10.57
LBN;2002;9.29
LBN;2003;8.67
LBN;2004;8
LBN;2005;7.55
LBN;2006;8.66
LBN;2007;8.56
LBN;2008;7.82
LBN;2009;7.01
LBN;2010;7.44
LBN;2011;8.18
LBN;2012;7
LBN;2013;7.06
LBN;2014;7.52
LBN;2015;7.41
LBN;2016;7.91
LBN;2017;7.79
LBN;2018;8.67
LBN;2019;8.65
LSO;2000;5.61
LSO;2001;7.28
LSO;2002;6.75
LSO;2003;6.05
LSO;2004;6.06
LSO;2005;5.45
LSO;2006;6.12
LSO;2007;7.28
LSO;2008;7.7
LSO;2009;9
LSO;2010;8.42
LSO;2011;9.56
LSO;2012;9.25
LSO;2013;9.55
LSO;2014;9.17
LSO;2015;9
LSO;2016;8.76
LSO;2017;10.09
LSO;2018;10.9
LSO;2019;11.27
LBR;2000;4.29
LBR;2001;3.5
LBR;2002;2.89
LBR;2003;3.66
LBR;2004;9.17
LBR;2005;9.68
LBR;2006;8.49
LBR;2007;10.8
LBR;2008;9.01
LBR;2009;9.41
LBR;2010;8.95
LBR;2011;9.42
LBR;2012;8.77
LBR;2013;8.28
LBR;2014;9.21
LBR;2015;10.64
LBR;2016;9.85
LBR;2017;9.09
LBR;2018;9.04
LBR;2019;8.47
LBY;2000;3.43
LBY;2001;4.05
LBY;2002;4.89
LBY;2003;4.1
LBY;2004;3.49
LBY;2005;2.6
LBY;2006;2.51
LBY;2007;2.44
LBY;2008;2.64
LBY;2009;4.29
LBY;2010;3.59
LBY;2011;6.05
LTU;2000;6.2
LTU;2001;6.01
LTU;2002;6.14
LTU;2003;6.19
LTU;2004;5.51
LTU;2005;5.65
LTU;2006;5.84
LTU;2007;5.76
LTU;2008;6.29
LTU;2009;7.37
LTU;2010;6.81
LTU;2011;6.49
LTU;2012;6.28
LTU;2013;6.13
LTU;2014;6.19
LTU;2015;6.49
LTU;2016;6.64
LTU;2017;6.48
LTU;2018;6.53
LTU;2019;7.01
LUX;2000;5.9
LUX;2001;6.41
LUX;2002;6.74
LUX;2003;6.97
LUX;2004;7.35
LUX;2005;7.18
LUX;2006;6.71
LUX;2007;6.23
LUX;2008;6.54
LUX;2009;7.34
LUX;2010;7.03
LUX;2011;6.11
LUX;2012;5.58
LUX;2013;5.53
LUX;2014;5.44
LUX;2015;5.28
LUX;2016;5.19
LUX;2017;5.26
LUX;2018;5.29
LUX;2019;5.37
MDG;2000;4.47
MDG;2001;4.76
MDG;2002;4.97
MDG;2003;4.75
MDG;2004;5.25
MDG;2005;5.2
MDG;2006;5.08
MDG;2007;4.49
MDG;2008;4.11
MDG;2009;4.42
MDG;2010;4.65
MDG;2011;4.44
MDG;2012;3.82
MDG;2013;3.74
MDG;2014;4.43
MDG;2015;4.97
MDG;2016;5.26
MDG;2017;4.84
MDG;2018;4.2
MDG;2019;3.69
MWI;2000;2.76
MWI;2001;2.39
MWI;2002;3.78
MWI;2003;4.67
MWI;2004;5.73
MWI;2005;6.06
MWI;2006;6.92
MWI;2007;7.66
MWI;2008;8.6
MWI;2009;8.27
MWI;2010;7.24
MWI;2011;7.49
MWI;2012;8.48
MWI;2013;11.58
MWI;2014;9.71
MWI;2015;9.33
MWI;2016;10.88
MWI;2017;10.89
MWI;2018;9.83
MWI;2019;7.39
MYS;2000;2.51
MYS;2001;2.68
MYS;2002;2.67
MYS;2003;2.92
MYS;2004;2.86
MYS;2005;2.79
MYS;2006;3.11
MYS;2007;3.07
MYS;2008;3.01
MYS;2009;3.26
MYS;2010;3.16
MYS;2011;3.31
MYS;2012;3.46
MYS;2013;3.51
MYS;2014;3.71
MYS;2015;3.82
MYS;2016;3.69
MYS;2017;3.7
MYS;2018;3.75
MYS;2019;3.83
MDV;2000;7.74
MDV;2001;8.21
MDV;2002;8.78
MDV;2003;6.78
MDV;2004;7.48
MDV;2005;8.83
MDV;2006;8.05
MDV;2007;8.31
MDV;2008;11.47
MDV;2009;10.09
MDV;2010;8.49
MDV;2011;7.92
MDV;2012;8.67
MDV;2013;8.14
MDV;2014;7.91
MDV;2015;8.69
MDV;2016;10.28
MDV;2017;9.24
MDV;2018;7.65
MDV;2019;8.04
MLI;2000;5.47
MLI;2001;4.52
MLI;2002;5
MLI;2003;5.05
MLI;2004;5.22
MLI;2005;5.2
MLI;2006;5.46
MLI;2007;5.25
MLI;2008;5.04
MLI;2009;5.23
MLI;2010;4.68
MLI;2011;4.01
MLI;2012;3.75
MLI;2013;3.97
MLI;2014;4.48
MLI;2015;4.11
MLI;2016;3.77
MLI;2017;3.67
MLI;2018;3.73
MLI;2019;3.89
MLT;2000;6.57
MLT;2001;7
MLT;2002;7.71
MLT;2003;7.9
MLT;2004;8.05
MLT;2005;8.66
MLT;2006;8.81
MLT;2007;8.17
MLT;2008;7.86
MLT;2009;7.92
MLT;2010;7.95
MLT;2011;8.45
MLT;2012;8.38
MLT;2013;8.5
MLT;2014;9.09
MLT;2015;8.9
MLT;2016;8.94
MLT;2017;8.89
MLT;2018;8.81
MLT;2019;8.21
MHL;2000;19.05
MHL;2001;16.35
MHL;2002;14.38
MHL;2003;14.33
MHL;2004;17.26
MHL;2005;21.96
MHL;2006;22.02
MHL;2007;18.07
MHL;2008;17.09
MHL;2009;16.43
MHL;2010;15.85
MHL;2011;14.94
MHL;2012;14.78
MHL;2013;15.13
MHL;2014;14.94
MHL;2015;17.04
MHL;2016;17.37
MHL;2017;16.08
MHL;2018;17
MHL;2019;16.34
MRT;2000;3.38
MRT;2001;3.57
MRT;2002;4
MRT;2003;4.03
MRT;2004;3.7
MRT;2005;3.4
MRT;2006;2.7
MRT;2007;2.88
MRT;2008;3.01
MRT;2009;3.11
MRT;2010;2.64
MRT;2011;2.47
MRT;2012;2.65
MRT;2013;2.87
MRT;2014;3.47
MRT;2015;3.67
MRT;2016;3.1
MRT;2017;3.34
MRT;2018;3.58
MRT;2019;3.3
MUS;2000;2.9
MUS;2001;2.96
MUS;2002;3.23
MUS;2003;3.22
MUS;2004;3.36
MUS;2005;3.57
MUS;2006;3.65
MUS;2007;3.57
MUS;2008;3.99
MUS;2009;4.23
MUS;2010;4.58
MUS;2011;4.31
MUS;2012;4.28
MUS;2013;4.68
MUS;2014;5.49
MUS;2015;5.7
MUS;2016;5.71
MUS;2017;5.81
MUS;2018;5.87
MUS;2019;6.2
MEX;2000;4.45
MEX;2001;4.82
MEX;2002;5.07
MEX;2003;5.81
MEX;2004;5.95
MEX;2005;5.84
MEX;2006;5.66
MEX;2007;5.77
MEX;2008;5.7
MEX;2009;6.13
MEX;2010;5.74
MEX;2011;5.52
MEX;2012;5.67
MEX;2013;5.81
MEX;2014;5.55
MEX;2015;5.72
MEX;2016;5.55
MEX;2017;5.46
MEX;2018;5.38
MEX;2019;5.43
FSM;2000;7.77
FSM;2001;8.45
FSM;2002;7.9
FSM;2003;9.57
FSM;2004;12.03
FSM;2005;17.73
FSM;2006;10.74
FSM;2007;11.06
FSM;2008;11.99
FSM;2009;12.55
FSM;2010;13.11
FSM;2011;13.1
FSM;2012;12.28
FSM;2013;12.14
FSM;2014;11.73
FSM;2015;12.46
FSM;2016;13.14
FSM;2017;12.21
FSM;2018;11.7
FSM;2019;11.44
MDA;2000;5.93
MDA;2001;6.23
MDA;2002;7.4
MDA;2003;7.02
MDA;2004;8.97
MDA;2005;9.56
MDA;2006;10.54
MDA;2007;11.02
MDA;2008;10.95
MDA;2009;13.68
MDA;2010;10.13
MDA;2011;9.1
MDA;2012;9.14
MDA;2013;8.68
MDA;2014;8.63
MDA;2015;8.56
MDA;2016;7.54
MDA;2017;7.01
MDA;2018;6.59
MDA;2019;6.38
MCO;2000;1.74
MCO;2001;1.76
MCO;2002;1.79
MCO;2003;2.08
MCO;2004;2.13
MCO;2005;2.12
MCO;2006;2.02
MCO;2007;1.79
MCO;2008;1.92
MCO;2009;2.28
MCO;2010;2.33
MCO;2011;2.18
MCO;2012;2.23
MCO;2013;2.15
MCO;2014;2.09
MCO;2015;2.03
MCO;2016;1.63
MCO;2017;1.64
MCO;2018;1.6
MCO;2019;1.53
MNG;2000;4.87
MNG;2001;4.32
MNG;2002;4.43
MNG;2003;3.51
MNG;2004;3.57
MNG;2005;3.76
MNG;2006;3.75
MNG;2007;4.08
MNG;2008;4.56
MNG;2009;4.46
MNG;2010;3.74
MNG;2011;3.59
MNG;2012;3.85
MNG;2013;4.07
MNG;2014;4.18
MNG;2015;4.24
MNG;2016;4.42
MNG;2017;4.01
MNG;2018;3.85
MNG;2019;3.77
MNE;2011;7.97
MNE;2012;8.3
MNE;2013;8.47
MNE;2014;8
MNE;2015;9.02
MNE;2016;8.63
MNE;2017;7.98
MNE;2018;8.34
MNE;2019;8.33
MAR;2000;3.98
MAR;2001;4.13
MAR;2002;4.43
MAR;2003;4.55
MAR;2004;4.73
MAR;2005;4.76
MAR;2006;4.94
MAR;2007;5.42
MAR;2008;5.3
MAR;2009;5.84
MAR;2010;5.86
MAR;2011;5.73
MAR;2012;5.75
MAR;2013;5.69
MAR;2014;5.28
MAR;2015;5.07
MAR;2016;5.24
MAR;2017;5.23
MAR;2018;5.33
MAR;2019;5.31
MOZ;2000;2.26
MOZ;2001;2.95
MOZ;2002;3.34
MOZ;2003;3.42
MOZ;2004;3.69
MOZ;2005;4.39
MOZ;2006;4.1
MOZ;2007;3.94
MOZ;2008;4.23
MOZ;2009;5.21
MOZ;2010;5.45
MOZ;2011;5
MOZ;2012;5.25
MOZ;2013;6.13
MOZ;2014;6.33
MOZ;2015;6.72
MOZ;2016;7.17
MOZ;2017;7.76
MOZ;2018;8.09
MOZ;2019;7.83
MMR;2000;2
MMR;2001;2.15
MMR;2002;2.58
MMR;2003;2.38
MMR;2004;2.32
MMR;2005;2.33
MMR;2006;2.25
MMR;2007;2.02
MMR;2008;2.11
MMR;2009;2.16
MMR;2010;1.96
MMR;2011;1.93
MMR;2012;2.41
MMR;2013;3.2
MMR;2014;4.39
MMR;2015;5.48
MMR;2016;5.11
MMR;2017;5.08
MMR;2018;4.9
MMR;2019;4.68
NAM;2000;9.64
NAM;2001;9.53
NAM;2002;9.73
NAM;2003;9.88
NAM;2004;10.19
NAM;2005;10.19
NAM;2006;10.14
NAM;2007;10.72
NAM;2008;9.92
NAM;2009;9.05
NAM;2010;9.73
NAM;2011;9.83
NAM;2012;9.27
NAM;2013;9.06
NAM;2014;8.41
NAM;2015;9.98
NAM;2016;9.32
NAM;2017;8.73
NAM;2018;8.31
NAM;2019;8.5
NRU;2000;18.12
NRU;2001;15.5
NRU;2002;13.19
NRU;2003;9.53
NRU;2004;6.57
NRU;2005;10.31
NRU;2006;12.42
NRU;2007;24.23
NRU;2008;23
NRU;2009;12.32
NRU;2010;12.7
NRU;2011;9.81
NRU;2012;9.22
NRU;2013;9.44
NRU;2014;7.95
NRU;2015;13.74
NRU;2016;10.75
NRU;2017;11.56
NRU;2018;8.63
NRU;2019;9.78
NPL;2000;3.13
NPL;2001;3.8
NPL;2002;3.93
NPL;2003;3.85
NPL;2004;4.04
NPL;2005;3.94
NPL;2006;3.54
NPL;2007;3.66
NPL;2008;3.81
NPL;2009;3.89
NPL;2010;4.35
NPL;2011;4.44
NPL;2012;4.49
NPL;2013;4.63
NPL;2014;5.08
NPL;2015;5.47
NPL;2016;5.42
NPL;2017;4.72
NPL;2018;4.53
NPL;2019;4.45
NLD;2000;7.71
NLD;2001;8.06
NLD;2002;8.65
NLD;2003;9.06
NLD;2004;9.11
NLD;2005;9.1
NLD;2006;9.08
NLD;2007;9.05
NLD;2008;9.28
NLD;2009;9.99
NLD;2010;10.16
NLD;2011;10.23
NLD;2012;10.54
NLD;2013;10.58
NLD;2014;10.57
NLD;2015;10.32
NLD;2016;10.29
NLD;2017;10.11
NLD;2018;10.03
NLD;2019;10.13
NZL;2000;7.47
NZL;2001;7.58
NZL;2002;7.9
NZL;2003;7.72
NZL;2004;7.9
NZL;2005;8.27
NZL;2006;8.64
NZL;2007;8.33
NZL;2008;9.12
NZL;2009;9.62
NZL;2010;9.59
NZL;2011;9.52
NZL;2012;9.65
NZL;2013;9.36
NZL;2014;9.4
NZL;2015;9.28
NZL;2016;9.24
NZL;2017;9.02
NZL;2018;9.21
NZL;2019;9.74
NIC;2000;5.24
NIC;2001;5.48
NIC;2002;5.73
NIC;2003;6.08
NIC;2004;6.06
NIC;2005;6.22
NIC;2006;6.36
NIC;2007;6.96
NIC;2008;7.17
NIC;2009;7.69
NIC;2010;7.71
NIC;2011;7.45
NIC;2012;7.49
NIC;2013;7.64
NIC;2014;7.98
NIC;2015;7.96
NIC;2016;8.05
NIC;2017;8.34
NIC;2018;8.59
NIC;2019;8.4
NER;2000;4.69
NER;2001;4.76
NER;2002;4.86
NER;2003;4.78
NER;2004;5.01
NER;2005;5.68
NER;2006;5.81
NER;2007;5.39
NER;2008;5.22
NER;2009;5.33
NER;2010;5.02
NER;2011;4.87
NER;2012;4.31
NER;2013;4.47
NER;2014;4.45
NER;2015;5.35
NER;2016;4.53
NER;2017;5.57
NER;2018;5.29
NER;2019;5.67
NGA;2000;3.2
NGA;2001;3.19
NGA;2002;2.49
NGA;2003;5.05
NGA;2004;4.63
NGA;2005;4.47
NGA;2006;4.26
NGA;2007;3.91
NGA;2008;3.7
NGA;2009;3.58
NGA;2010;3.3
NGA;2011;3.32
NGA;2012;3.36
NGA;2013;3.42
NGA;2014;3.35
NGA;2015;3.58
NGA;2016;3.65
NGA;2017;3.75
NGA;2018;3.09
NGA;2019;3.03
NIU;2000;7.93
NIU;2001;38.14
NIU;2002;11.11
NIU;2003;9.53
NIU;2004;17.34
NIU;2005;12.3
NIU;2006;50.18
NIU;2007;23.61
NIU;2008;23.26
NIU;2009;28.82
NIU;2010;15.54
NIU;2011;19.83
NIU;2012;10.31
NIU;2013;9.71
NIU;2014;10.83
NIU;2015;8.75
NIU;2016;7.84
NIU;2017;8.75
NIU;2018;8.3
NIU;2019;5.29
MKD;2000;8.87
MKD;2001;8.38
MKD;2002;8.98
MKD;2003;9.01
MKD;2004;8.47
MKD;2005;7.68
MKD;2006;7.38
MKD;2007;6.57
MKD;2008;6.55
MKD;2009;6.53
MKD;2010;6.71
MKD;2011;6.52
MKD;2012;6.61
MKD;2013;6.72
MKD;2014;6.29
MKD;2015;6.34
MKD;2016;6.38
MKD;2017;6.59
MKD;2018;6.55
MKD;2019;7.25
NOR;2000;7.71
NOR;2001;8.02
NOR;2002;9
NOR;2003;9.21
NOR;2004;8.82
NOR;2005;8.33
NOR;2006;7.91
NOR;2007;8.05
NOR;2008;7.96
NOR;2009;9.07
NOR;2010;8.91
NOR;2011;8.79
NOR;2012;8.78
NOR;2013;8.93
NOR;2014;9.34
NOR;2015;10.13
NOR;2016;10.59
NOR;2017;10.32
NOR;2018;10.02
NOR;2019;10.52
OMN;2000;3.06
OMN;2001;3.08
OMN;2002;3.18
OMN;2003;3.17
OMN;2004;2.98
OMN;2005;2.59
OMN;2006;2.31
OMN;2007;2.43
OMN;2008;2.01
OMN;2009;2.83
OMN;2010;2.82
OMN;2011;2.55
OMN;2012;2.55
OMN;2013;2.79
OMN;2014;3.53
OMN;2015;4.3
OMN;2016;4.36
OMN;2017;3.97
OMN;2018;4.1
OMN;2019;4.07
PAK;2000;2.89
PAK;2001;2.71
PAK;2002;2.83
PAK;2003;2.43
PAK;2004;2.35
PAK;2005;2.71
PAK;2006;3.01
PAK;2007;3.14
PAK;2008;2.92
PAK;2009;2.61
PAK;2010;2.6
PAK;2011;2.34
PAK;2012;2.36
PAK;2013;2.6
PAK;2014;2.72
PAK;2015;2.69
PAK;2016;2.89
PAK;2017;2.9
PAK;2018;3.2
PAK;2019;3.38
PLW;2000;8.87
PLW;2001;7.9
PLW;2002;8.02
PLW;2003;9.02
PLW;2004;9.98
PLW;2005;9.34
PLW;2006;9.67
PLW;2007;9.86
PLW;2008;9.45
PLW;2009;10.31
PLW;2010;11.55
PLW;2011;10.82
PLW;2012;11.58
PLW;2013;12.07
PLW;2014;12.12
PLW;2015;11.43
PLW;2016;12.12
PLW;2017;12.04
PLW;2018;10.85
PLW;2019;15.15
PAN;2000;6.91
PAN;2001;6.83
PAN;2002;6.96
PAN;2003;6.62
PAN;2004;6.99
PAN;2005;6.09
PAN;2006;6.45
PAN;2007;6.93
PAN;2008;6.85
PAN;2009;7
PAN;2010;7.09
PAN;2011;6.59
PAN;2012;6.56
PAN;2013;6.65
PAN;2014;6.92
PAN;2015;6.81
PAN;2016;7.32
PAN;2017;6.91
PAN;2018;7.28
PAN;2019;7.58
PNG;2000;2.02
PNG;2001;2.3
PNG;2002;2.78
PNG;2003;2.45
PNG;2004;2.59
PNG;2005;2.45
PNG;2006;2.43
PNG;2007;2.42
PNG;2008;2.14
PNG;2009;2.33
PNG;2010;2.11
PNG;2011;2.29
PNG;2012;2.67
PNG;2013;3
PNG;2014;3.27
PNG;2015;1.82
PNG;2016;2.33
PNG;2017;2.23
PNG;2018;2.27
PNG;2019;2.3
PRY;2000;6.02
PRY;2001;5.61
PRY;2002;4.76
PRY;2003;4.91
PRY;2004;4.93
PRY;2005;4.83
PRY;2006;5.02
PRY;2007;5.02
PRY;2008;5.05
PRY;2009;5.53
PRY;2010;5.47
PRY;2011;5.83
PRY;2012;6.53
PRY;2013;6.05
PRY;2014;6.64
PRY;2015;6.7
PRY;2016;6.68
PRY;2017;6.61
PRY;2018;6.72
PRY;2019;7.17
PER;2000;4.41
PER;2001;4.72
PER;2002;4.94
PER;2003;4.59
PER;2004;4.43
PER;2005;4.67
PER;2006;4.41
PER;2007;4.43
PER;2008;4.51
PER;2009;4.98
PER;2010;4.72
PER;2011;4.53
PER;2012;4.74
PER;2013;4.76
PER;2014;4.98
PER;2015;4.98
PER;2016;4.97
PER;2017;4.92
PER;2018;5.2
PER;2019;5.22
PHL;2000;3.06
PHL;2001;2.85
PHL;2002;2.64
PHL;2003;3.08
PHL;2004;3.05
PHL;2005;3.74
PHL;2006;3.78
PHL;2007;3.75
PHL;2008;3.86
PHL;2009;4.16
PHL;2010;4.13
PHL;2011;4.03
PHL;2012;4.18
PHL;2013;4.27
PHL;2014;3.7
PHL;2015;3.9
PHL;2016;3.95
PHL;2017;3.96
PHL;2018;3.95
PHL;2019;4.08
POL;2000;5.29
POL;2001;5.67
POL;2002;6.07
POL;2003;5.95
POL;2004;5.87
POL;2005;5.81
POL;2006;5.8
POL;2007;5.87
POL;2008;6.38
POL;2009;6.59
POL;2010;6.41
POL;2011;6.24
POL;2012;6.22
POL;2013;6.41
POL;2014;6.39
POL;2015;6.39
POL;2016;6.53
POL;2017;6.56
POL;2018;6.33
POL;2019;6.45
PRT;2000;8.6
PRT;2001;8.63
PRT;2002;8.79
PRT;2003;9.12
PRT;2004;9.53
PRT;2005;9.65
PRT;2006;9.35
PRT;2007;9.25
PRT;2008;9.58
PRT;2009;10.13
PRT;2010;10.03
PRT;2011;9.73
PRT;2012;9.65
PRT;2013;9.4
PRT;2014;9.34
PRT;2015;9.32
PRT;2016;9.39
PRT;2017;9.31
PRT;2018;9.41
PRT;2019;9.53
QAT;2000;1.97
QAT;2001;2.32
QAT;2002;2.46
QAT;2003;3.5
QAT;2004;3.18
QAT;2005;2.56
QAT;2006;2.29
QAT;2007;2.07
QAT;2008;1.64
QAT;2009;2.38
QAT;2010;1.87
QAT;2011;1.6
QAT;2012;1.75
QAT;2013;2.08
QAT;2014;2.42
QAT;2015;3
QAT;2016;3.25
QAT;2017;2.98
QAT;2018;2.63
QAT;2019;2.91
ROU;2000;4.21
ROU;2001;4.38
ROU;2002;4.58
ROU;2003;5.37
ROU;2004;5.48
ROU;2005;5.53
ROU;2006;5.07
ROU;2007;5.02
ROU;2008;5.02
ROU;2009;5.28
ROU;2010;5.77
ROU;2011;4.7
ROU;2012;4.73
ROU;2013;5.2
ROU;2014;5.02
ROU;2015;4.95
ROU;2016;5
ROU;2017;5.15
ROU;2018;5.56
ROU;2019;5.74
RUS;2000;5.02
RUS;2001;5.24
RUS;2002;5.52
RUS;2003;5.16
RUS;2004;4.76
RUS;2005;4.77
RUS;2006;4.77
RUS;2007;4.75
RUS;2008;4.9
RUS;2009;5.64
RUS;2010;4.97
RUS;2011;4.79
RUS;2012;4.94
RUS;2013;5.08
RUS;2014;5.18
RUS;2015;5.3
RUS;2016;5.29
RUS;2017;5.36
RUS;2018;5.36
RUS;2019;5.65
RWA;2000;4.26
RWA;2001;3.89
RWA;2002;3.67
RWA;2003;8.02
RWA;2004;8.54
RWA;2005;8.78
RWA;2006;7.58
RWA;2007;7.83
RWA;2008;7.54
RWA;2009;7.78
RWA;2010;8.05
RWA;2011;7.9
RWA;2012;8.07
RWA;2013;6.75
RWA;2014;6.96
RWA;2015;6.62
RWA;2016;6.93
RWA;2017;6.39
RWA;2018;6.68
RWA;2019;6.41
KNA;2000;4.8
KNA;2001;4.4
KNA;2002;4.45
KNA;2003;4.75
KNA;2004;4.49
KNA;2005;4.73
KNA;2006;4.98
KNA;2007;4.8
KNA;2008;5.49
KNA;2009;5.48
KNA;2010;5.34
KNA;2011;5.28
KNA;2012;5.17
KNA;2013;5.26
KNA;2014;4.94
KNA;2015;5.31
KNA;2016;5.63
KNA;2017;5.6
KNA;2018;5.21
KNA;2019;5.4
LCA;2000;4.86
LCA;2001;5.12
LCA;2002;5.38
LCA;2003;5.24
LCA;2004;4.76
LCA;2005;4.86
LCA;2006;5.12
LCA;2007;5.52
LCA;2008;5.05
LCA;2009;5.24
LCA;2010;5.04
LCA;2011;5.14
LCA;2012;5
LCA;2013;5.14
LCA;2014;4.76
LCA;2015;4.58
LCA;2016;4.91
LCA;2017;4.66
LCA;2018;4.42
LCA;2019;4.32
VCT;2000;4.3
VCT;2001;4.3
VCT;2002;4.31
VCT;2003;4.18
VCT;2004;4.07
VCT;2005;4.04
VCT;2006;3.85
VCT;2007;3.98
VCT;2008;4.09
VCT;2009;4.33
VCT;2010;4.55
VCT;2011;4.47
VCT;2012;4.69
VCT;2013;4.57
VCT;2014;4.35
VCT;2015;4.08
VCT;2016;4.16
VCT;2017;4.32
VCT;2018;4.51
VCT;2019;4.75
WSM;2000;4.4
WSM;2001;3.93
WSM;2002;4.64
WSM;2003;4.29
WSM;2004;4.65
WSM;2005;4.76
WSM;2006;5.02
WSM;2007;4.87
WSM;2008;4.66
WSM;2009;5.27
WSM;2010;5.29
WSM;2011;5.44
WSM;2012;5.08
WSM;2013;6.45
WSM;2014;6.61
WSM;2015;5.79
WSM;2016;5.43
WSM;2017;5.57
WSM;2018;5.47
WSM;2019;6.36
SMR;2000;5.84
SMR;2001;5.69
SMR;2002;5.44
SMR;2003;4.82
SMR;2004;4.91
SMR;2005;4.93
SMR;2006;4.96
SMR;2007;5.14
SMR;2008;5.46
SMR;2009;6.24
SMR;2010;6.61
SMR;2011;7.4
SMR;2012;7.95
SMR;2013;7.73
SMR;2014;7.53
SMR;2015;7.18
SMR;2016;6.73
SMR;2017;7.22
SMR;2018;6.91
SMR;2019;6.39
STP;2000;10.51
STP;2001;10.83
STP;2002;10.66
STP;2003;12.62
STP;2004;11.87
STP;2005;11.52
STP;2006;8.28
STP;2007;8.17
STP;2008;7.11
STP;2009;7.2
STP;2010;6.84
STP;2011;6.76
STP;2012;6.48
STP;2013;7.94
STP;2014;6.73
STP;2015;5.34
STP;2016;6.43
STP;2017;6.46
STP;2018;5.84
STP;2019;5.53
SAU;2000;4.21
SAU;2001;4.46
SAU;2002;4.25
SAU;2003;3.98
SAU;2004;3.58
SAU;2005;3.42
SAU;2006;3.62
SAU;2007;3.56
SAU;2008;2.97
SAU;2009;4.29
SAU;2010;3.65
SAU;2011;3.71
SAU;2012;4.02
SAU;2013;4.47
SAU;2014;5.23
SAU;2015;6
SAU;2016;5.84
SAU;2017;6.26
SAU;2018;5.75
SAU;2019;5.69
SEN;2000;3.54
SEN;2001;3.68
SEN;2002;3.95
SEN;2003;4.3
SEN;2004;4.57
SEN;2005;3.67
SEN;2006;3.76
SEN;2007;3.41
SEN;2008;3.51
SEN;2009;3.84
SEN;2010;4.03
SEN;2011;4.21
SEN;2012;4.27
SEN;2013;4.39
SEN;2014;4.4
SEN;2015;4.38
SEN;2016;4.26
SEN;2017;4
SEN;2018;4.24
SEN;2019;4.13
SRB;2000;6.5
SRB;2001;6.86
SRB;2002;8.06
SRB;2003;8.13
SRB;2004;8.24
SRB;2005;8.28
SRB;2006;8.49
SRB;2007;9.37
SRB;2008;9.48
SRB;2009;9.34
SRB;2010;9.52
SRB;2011;9.11
SRB;2012;9.32
SRB;2013;9.31
SRB;2014;9.24
SRB;2015;8.81
SRB;2016;8.46
SRB;2017;8.22
SRB;2018;8.53
SRB;2019;8.67
SYC;2000;4.61
SYC;2001;5.4
SYC;2002;4.56
SYC;2003;5.36
SYC;2004;5.2
SYC;2005;4.98
SYC;2006;4.68
SYC;2007;4.09
SYC;2008;3.98
SYC;2009;3.89
SYC;2010;4.83
SYC;2011;4.8
SYC;2012;5.73
SYC;2013;4.51
SYC;2014;4.74
SYC;2015;4.59
SYC;2016;5.19
SYC;2017;4.91
SYC;2018;5.27
SYC;2019;5.19
SLE;2000;11.52
SLE;2001;10.97
SLE;2002;11.42
SLE;2003;10.83
SLE;2004;10.96
SLE;2005;11.04
SLE;2006;10.39
SLE;2007;10.04
SLE;2008;9.87
SLE;2009;11.1
SLE;2010;10.94
SLE;2011;13.28
SLE;2012;10.59
SLE;2013;11.57
SLE;2014;19.73
SLE;2015;20.41
SLE;2016;16.53
SLE;2017;9.4
SLE;2018;8.29
SLE;2019;8.75
SGP;2000;3.34
SGP;2001;3.16
SGP;2002;3.36
SGP;2003;3.61
SGP;2004;3.15
SGP;2005;3.03
SGP;2006;2.93
SGP;2007;2.84
SGP;2008;3.19
SGP;2009;3.4
SGP;2010;3.2
SGP;2011;3.16
SGP;2012;3.33
SGP;2013;3.69
SGP;2014;3.87
SGP;2015;4.18
SGP;2016;4.39
SGP;2017;4.36
SGP;2018;4.09
SGP;2019;4.08
SVK;2000;5.3
SVK;2001;5.33
SVK;2002;5.51
SVK;2003;5.45
SVK;2004;6.37
SVK;2005;6.59
SVK;2006;6.85
SVK;2007;7.18
SVK;2008;6.96
SVK;2009;7.95
SVK;2010;7.73
SVK;2011;7.35
SVK;2012;7.54
SVK;2013;7.5
SVK;2014;6.89
SVK;2015;6.79
SVK;2016;7.11
SVK;2017;6.77
SVK;2018;6.71
SVK;2019;6.96
SVN;2000;7.8
SVN;2001;7.88
SVN;2002;8.02
SVN;2003;8.1
SVN;2004;7.94
SVN;2005;8
SVN;2006;7.82
SVN;2007;7.51
SVN;2008;7.85
SVN;2009;8.54
SVN;2010;8.57
SVN;2011;8.54
SVN;2012;8.72
SVN;2013;8.74
SVN;2014;8.5
SVN;2015;8.5
SVN;2016;8.46
SVN;2017;8.19
SVN;2018;8.28
SVN;2019;8.52
SLB;2000;4.83
SLB;2001;6.61
SLB;2002;10.1
SLB;2003;7.08
SLB;2004;7.72
SLB;2005;9.02
SLB;2006;8.01
SLB;2007;7.18
SLB;2008;5.69
SLB;2009;7.03
SLB;2010;8.39
SLB;2011;6.02
SLB;2012;5
SLB;2013;4.79
SLB;2014;5.07
SLB;2015;4.64
SLB;2016;4.51
SLB;2017;4.23
SLB;2018;4
SLB;2019;4.77
ZAF;2000;8.16
ZAF;2001;7.94
ZAF;2002;7.46
ZAF;2003;7.92
ZAF;2004;7.76
ZAF;2005;7.69
ZAF;2006;7.69
ZAF;2007;7.68
ZAF;2008;7.88
ZAF;2009;8.52
ZAF;2010;8.67
ZAF;2011;8.74
ZAF;2012;8.77
ZAF;2013;8.86
ZAF;2014;8.55
ZAF;2015;8.79
ZAF;2016;8.82
ZAF;2017;8.72
ZAF;2018;8.86
ZAF;2019;9.11
KOR;2000;3.9
KOR;2001;4.43
KOR;2002;4.16
KOR;2003;4.42
KOR;2004;4.39
KOR;2005;4.62
KOR;2006;4.94
KOR;2007;5.11
KOR;2008;5.4
KOR;2009;5.78
KOR;2010;5.92
KOR;2011;6.01
KOR;2012;6.13
KOR;2013;6.25
KOR;2014;6.47
KOR;2015;6.65
KOR;2016;6.91
KOR;2017;7.11
KOR;2018;7.54
KOR;2019;8.16
SSD;2017;8.24
SSD;2018;6.28
SSD;2019;6.04
ESP;2000;6.8
ESP;2001;6.77
ESP;2002;6.8
ESP;2003;7.56
ESP;2004;7.66
ESP;2005;7.73
ESP;2006;7.83
ESP;2007;7.92
ESP;2008;8.38
ESP;2009;9.11
ESP;2010;9.12
ESP;2011;9.17
ESP;2012;9.16
ESP;2013;9.07
ESP;2014;9.09
ESP;2015;9.13
ESP;2016;8.95
ESP;2017;8.96
ESP;2018;8.99
ESP;2019;9.13
LKA;2000;4.25
LKA;2001;4.19
LKA;2002;4.17
LKA;2003;3.77
LKA;2004;4.18
LKA;2005;4.01
LKA;2006;3.98
LKA;2007;3.95
LKA;2008;3.98
LKA;2009;4.19
LKA;2010;3.87
LKA;2011;3.72
LKA;2012;3.4
LKA;2013;3.83
LKA;2014;3.61
LKA;2015;3.89
LKA;2016;3.86
LKA;2017;3.6
LKA;2018;3.91
LKA;2019;4.08
SDN;2000;3.61
SDN;2001;3.36
SDN;2002;3.3
SDN;2003;3.89
SDN;2004;4.16
SDN;2005;4.09
SDN;2006;4.89
SDN;2007;5.66
SDN;2008;5.42
SDN;2009;6.39
SDN;2010;5.06
SDN;2011;5.62
SDN;2012;5.69
SDN;2013;6.96
SDN;2014;5.68
SDN;2015;7.27
SDN;2016;5.48
SDN;2017;6.06
SDN;2018;4.44
SDN;2019;4.57
SUR;2000;6.28
SUR;2001;4.1
SUR;2002;5.71
SUR;2003;5.23
SUR;2004;5.85
SUR;2005;5.61
SUR;2006;6.27
SUR;2007;5.59
SUR;2008;5.08
SUR;2009;5.33
SUR;2010;5.03
SUR;2011;4.72
SUR;2012;4.59
SUR;2013;4.8
SUR;2014;4.84
SUR;2015;6.22
SUR;2016;6.35
SUR;2017;5.94
SUR;2018;7.9
SUR;2019;9.74
SWE;2000;7.33
SWE;2001;7.9
SWE;2002;8.21
SWE;2003;8.32
SWE;2004;8.13
SWE;2005;8.15
SWE;2006;8.05
SWE;2007;8
SWE;2008;8.21
SWE;2009;8.77
SWE;2010;8.32
SWE;2011;10.42
SWE;2012;10.74
SWE;2013;10.9
SWE;2014;10.95
SWE;2015;10.8
SWE;2016;10.85
SWE;2017;10.79
SWE;2018;10.94
SWE;2019;10.87
CHE;2000;9.11
CHE;2001;9.44
CHE;2002;9.85
CHE;2003;10.11
CHE;2004;10.18
CHE;2005;10
CHE;2006;9.53
CHE;2007;9.36
CHE;2008;9.48
CHE;2009;10.07
CHE;2010;9.94
CHE;2011;10.02
CHE;2012;10.25
CHE;2013;10.46
CHE;2014;10.62
CHE;2015;11.01
CHE;2016;11.3
CHE;2017;11.48
CHE;2018;11.38
CHE;2019;11.29
SYR;2000;4.35
SYR;2001;4.49
SYR;2002;4.52
SYR;2003;5.12
SYR;2004;4.48
SYR;2005;4.11
SYR;2006;3.78
SYR;2007;3.72
SYR;2008;3.4
SYR;2009;3.55
SYR;2010;3.28
SYR;2011;3.33
SYR;2012;3.57
TJK;2000;4.26
TJK;2001;4.58
TJK;2002;4.44
TJK;2003;4.7
TJK;2004;4.8
TJK;2005;5.21
TJK;2006;5.03
TJK;2007;5.54
TJK;2008;5.91
TJK;2009;5.86
TJK;2010;5.74
TJK;2011;5.86
TJK;2012;5.98
TJK;2013;6.53
TJK;2014;6.67
TJK;2015;6.91
TJK;2016;7
TJK;2017;7.23
TJK;2018;7.24
TJK;2019;7.11
TZA;2000;3.42
TZA;2001;4.24
TZA;2002;4.69
TZA;2003;5.34
TZA;2004;5.74
TZA;2005;6.32
TZA;2006;7.6
TZA;2007;6.88
TZA;2008;5.56
TZA;2009;5.06
TZA;2010;5.22
TZA;2011;5.06
TZA;2012;5.02
TZA;2013;4.65
TZA;2014;4.01
TZA;2015;3.65
TZA;2016;3.96
TZA;2017;4.08
TZA;2018;4.15
TZA;2019;3.83
THA;2000;3.1
THA;2001;3.03
THA;2002;3.33
THA;2003;3.24
THA;2004;3.14
THA;2005;3.16
THA;2006;3.1
THA;2007;3.19
THA;2008;3.46
THA;2009;3.62
THA;2010;3.39
THA;2011;3.57
THA;2012;3.52
THA;2013;3.45
THA;2014;3.68
THA;2015;3.67
THA;2016;3.75
THA;2017;3.84
THA;2018;3.82
THA;2019;3.79
TLS;2003;2.84
TLS;2004;4.26
TLS;2005;5.28
TLS;2006;6
TLS;2007;5.65
TLS;2008;6.97
TLS;2009;7.31
TLS;2010;6.47
TLS;2011;6.78
TLS;2012;7.07
TLS;2013;8.53
TLS;2014;7.6
TLS;2015;7.67
TLS;2016;6.9
TLS;2017;6.74
TLS;2018;7.61
TLS;2019;7.16
TGO;2000;2.79
TGO;2001;2.89
TGO;2002;2.9
TGO;2003;2.94
TGO;2004;3.09
TGO;2005;3.3
TGO;2006;3.45
TGO;2007;3.87
TGO;2008;3.84
TGO;2009;4.08
TGO;2010;4.45
TGO;2011;4.55
TGO;2012;4.81
TGO;2013;4.94
TGO;2014;5.08
TGO;2015;4.96
TGO;2016;5.35
TGO;2017;6.49
TGO;2018;6.09
TGO;2019;5.73
TON;2000;3.02
TON;2001;3.54
TON;2002;3.72
TON;2003;3.56
TON;2004;4.63
TON;2005;4.52
TON;2006;5.59
TON;2007;4.87
TON;2008;6.22
TON;2009;4.1
TON;2010;4.98
TON;2011;4
TON;2012;5.01
TON;2013;4.23
TON;2014;5.29
TON;2015;4.68
TON;2016;5.04
TON;2017;5.1
TON;2018;5.05
TON;2019;4.98
TTO;2000;4.23
TTO;2001;4.03
TTO;2002;4.72
TTO;2003;4.19
TTO;2004;4.31
TTO;2005;4.43
TTO;2006;4.15
TTO;2007;4.15
TTO;2008;3.66
TTO;2009;5.49
TTO;2010;5.08
TTO;2011;4.72
TTO;2012;4.88
TTO;2013;5.03
TTO;2014;5.2
TTO;2015;6.08
TTO;2016;6.83
TTO;2017;6.99
TTO;2018;6.71
TTO;2019;7.02
TUN;2000;5.05
TUN;2001;5.1
TUN;2002;5.37
TUN;2003;5.46
TUN;2004;5.45
TUN;2005;5.4
TUN;2006;5.38
TUN;2007;5.43
TUN;2008;5.42
TUN;2009;5.67
TUN;2010;5.88
TUN;2011;6.43
TUN;2012;6.61
TUN;2013;6.86
TUN;2014;6.81
TUN;2015;6.62
TUN;2016;6.61
TUN;2017;6.85
TUN;2018;6.82
TUN;2019;6.96
TUR;2000;4.6
TUR;2001;4.89
TUR;2002;5.06
TUR;2003;5.01
TUR;2004;4.91
TUR;2005;4.89
TUR;2006;5.15
TUR;2007;5.24
TUR;2008;5.22
TUR;2009;5.49
TUR;2010;5.02
TUR;2011;4.65
TUR;2012;4.44
TUR;2013;4.37
TUR;2014;4.33
TUR;2015;4.12
TUR;2016;4.28
TUR;2017;4.18
TUR;2018;4.12
TUR;2019;4.34
TKM;2000;6.89
TKM;2001;8.15
TKM;2002;7.02
TKM;2003;8.51
TKM;2004;10.58
TKM;2005;9.56
TKM;2006;8.41
TKM;2007;5.29
TKM;2008;5.91
TKM;2009;4.81
TKM;2010;5
TKM;2011;4.9
TKM;2012;4.78
TKM;2013;5.15
TKM;2014;5.5
TKM;2015;6.3
TKM;2016;6.62
TKM;2017;6.94
TKM;2018;6.61
TKM;2019;6.57
TUV;2000;24.24
TUV;2001;19.19
TUV;2002;13.28
TUV;2003;15.42
TUV;2004;10.57
TUV;2005;11.36
TUV;2006;13.38
TUV;2007;11.27
TUV;2008;10.74
TUV;2009;14.36
TUV;2010;16.88
TUV;2011;15.81
TUV;2012;15.33
TUV;2013;18.6
TUV;2014;16.86
TUV;2015;16.7
TUV;2016;15.61
TUV;2017;16.78
TUV;2018;19.04
TUV;2019;23.96
UGA;2000;5.07
UGA;2001;5.04
UGA;2002;4.76
UGA;2003;4.3
UGA;2004;4.7
UGA;2005;5.81
UGA;2006;6.46
UGA;2007;6.11
UGA;2008;5.46
UGA;2009;5.79
UGA;2010;6.81
UGA;2011;6.7
UGA;2012;6.11
UGA;2013;5.78
UGA;2014;5.34
UGA;2015;5.11
UGA;2016;4.97
UGA;2017;4
UGA;2018;4.03
UGA;2019;3.83
UKR;2000;5.31
UKR;2001;5.73
UKR;2002;5.99
UKR;2003;6.55
UKR;2004;6.17
UKR;2005;6.35
UKR;2006;6.42
UKR;2007;6.02
UKR;2008;5.5
UKR;2009;6.61
UKR;2010;6.81
UKR;2011;6.82
UKR;2012;7.12
UKR;2013;6.94
UKR;2014;7.19
UKR;2015;7.78
UKR;2016;7.55
UKR;2017;7.43
UKR;2018;7.52
UKR;2019;7.1
ARE;2000;2.37
ARE;2001;2.48
ARE;2002;2.72
ARE;2003;2.65
ARE;2004;2.46
ARE;2005;2.32
ARE;2006;2.33
ARE;2007;2.57
ARE;2008;2.93
ARE;2009;4.05
ARE;2010;3.88
ARE;2011;3.67
ARE;2012;3.43
ARE;2013;3.59
ARE;2014;3.63
ARE;2015;3.58
ARE;2016;3.47
ARE;2017;4.06
ARE;2018;4.15
ARE;2019;4.28
GBR;2000;7.2
GBR;2001;7.57
GBR;2002;7.94
GBR;2003;8.11
GBR;2004;8.39
GBR;2005;8.44
GBR;2006;8.61
GBR;2007;8.79
GBR;2008;9.06
GBR;2009;9.88
GBR;2010;9.84
GBR;2011;9.85
GBR;2012;9.91
GBR;2013;9.98
GBR;2014;9.95
GBR;2015;9.9
GBR;2016;9.87
GBR;2017;9.81
GBR;2018;9.9
GBR;2019;10.15
USA;2000;12.48
USA;2001;13.16
USA;2002;13.98
USA;2003;14.5
USA;2004;14.59
USA;2005;14.61
USA;2006;14.72
USA;2007;14.94
USA;2008;15.27
USA;2009;16.23
USA;2010;16.26
USA;2011;16.2
USA;2012;16.18
USA;2013;16.06
USA;2014;16.25
USA;2015;16.52
USA;2016;16.84
USA;2017;16.81
USA;2018;16.69
USA;2019;16.77
URY;2000;9.21
URY;2001;9.8
URY;2002;9.68
URY;2003;9.62
URY;2004;8.3
URY;2005;7.76
URY;2006;7.74
URY;2007;7.49
URY;2008;8.13
URY;2009;7.95
URY;2010;7.91
URY;2011;7.95
URY;2012;8.07
URY;2013;8.12
URY;2014;8.07
URY;2015;8.29
URY;2016;8.68
URY;2017;8.82
URY;2018;9.01
URY;2019;9.35
UZB;2000;5.42
UZB;2001;5.55
UZB;2002;5.45
UZB;2003;5.5
UZB;2004;5.13
UZB;2005;5.07
UZB;2006;5.04
UZB;2007;4.81
UZB;2008;4.99
UZB;2009;5.08
UZB;2010;5.22
UZB;2011;5.14
UZB;2012;5.46
UZB;2013;5.66
UZB;2014;4.67
UZB;2015;4.99
UZB;2016;4.97
UZB;2017;5.08
UZB;2018;5.3
UZB;2019;5.62
VUT;2000;3.31
VUT;2001;3.39
VUT;2002;3.9
VUT;2003;3.51
VUT;2004;3.54
VUT;2005;3.31
VUT;2006;3.32
VUT;2007;3.11
VUT;2008;3.14
VUT;2009;3.25
VUT;2010;3.53
VUT;2011;3.6
VUT;2012;3.94
VUT;2013;4.39
VUT;2014;3.65
VUT;2015;4.32
VUT;2016;2.93
VUT;2017;2.76
VUT;2018;3.35
VUT;2019;3.36
VEN;2000;7.33
VEN;2001;7.85
VEN;2002;7.72
VEN;2003;7.51
VEN;2004;6.78
VEN;2005;6.06
VEN;2006;8.1
VEN;2007;7.78
VEN;2008;6.41
VEN;2009;7.55
VEN;2010;6.83
VEN;2011;7.18
VEN;2012;6.45
VEN;2013;5.59
VEN;2014;5.78
VEN;2015;4.35
VEN;2016;3.92
VEN;2017;4.66
VEN;2018;4.93
VEN;2019;5.37
VNM;2000;3.82
VNM;2001;4.51
VNM;2002;3.6
VNM;2003;3.67
VNM;2004;3.8
VNM;2005;4.01
VNM;2006;4.25
VNM;2007;4.3
VNM;2008;4.05
VNM;2009;4.17
VNM;2010;4.7
VNM;2011;4.61
VNM;2012;5
VNM;2013;5.08
VNM;2014;4.61
VNM;2015;4.57
VNM;2016;4.52
VNM;2017;4.71
VNM;2018;5.03
VNM;2019;5.25
YEM;2000;4.67
YEM;2001;4.95
YEM;2002;4.83
YEM;2003;5.76
YEM;2004;5.51
YEM;2005;5.21
YEM;2006;5.53
YEM;2007;5.82
YEM;2008;5.76
YEM;2009;5.99
YEM;2010;5.16
YEM;2011;4.77
YEM;2012;5.2
YEM;2013;4.96
YEM;2014;4.84
YEM;2015;4.25
ZMB;2000;7.15
ZMB;2001;6.55
ZMB;2002;6.79
ZMB;2003;7.19
ZMB;2004;7.05
ZMB;2005;6.86
ZMB;2006;5.87
ZMB;2007;4.35
ZMB;2008;4.01
ZMB;2009;4.43
ZMB;2010;3.72
ZMB;2011;3.46
ZMB;2012;3.93
ZMB;2013;4.69
ZMB;2014;3.83
ZMB;2015;4.44
ZMB;2016;4.48
ZMB;2017;4.38
ZMB;2018;5.03
ZMB;2019;5.31
ZWE;2010;10.48
ZWE;2011;8.08
ZWE;2012;6.92
ZWE;2013;7.11
ZWE;2014;8.13
ZWE;2015;7.45
ZWE;2016;7.68
ZWE;2017;7.47
ZWE;2018;8.68
ZWE;2019;7.7
